{
  "R0": 2.5,
  "recovery_rate": 0.14285714285714285,
  "beta": 0.02188068436453747,
  "init_cond": {
    "S": 990,
    "I": 10,
    "R": 0
  },
  "network": {
    "mean_deg": 7.968,
    "mean_deg2": 138.024,
    "q": 16.322289156626507,
    "nodes": 1000
  }
}